Keyword,Visibility,Visibility Difference,Google Hou Rank,Google Hou Previous Rank,Google Hou Difference,Google Hou SERP Features,Google Hou URL Found,Google Mobile Hou Rank,Google Mobile Hou Previous Rank,Google Mobile Hou Difference,Google Mobile Hou SERP Features,Google Mobile Hou URL Found,Yahoo! Rank,Yahoo! Previous Rank,Yahoo! Difference,Yahoo! SERP Features,Yahoo! URL Found,Bing US Rank,Bing US Previous Rank,Bing US Difference,Bing US SERP Features,Bing US URL Found
country bar close to me 77493,100%,,1,,,"Local Pack (1), Videos (0), Reviews (0), People Also Ask (0)",https://texasrodeosaloon.com/,1(2),,,"Local Pack (1), Reviews (0), People Also Ask (0)",https://texasrodeosaloon.com/,1,,,,https://texasrodeosaloon.com/country-bar-close-to-me-77493/,1,,,,https://texasrodeosaloon.com/country-bar-close-to-me-77493
"Country dance Pittsville, TX",100%,,1,,,"Local Pack (0), Images (1), Videos (0), Thumbnail (0)",https://texasrodeosaloon.com/pittsville-country-dance/,1,,,"Local Pack (0), Images (1), Videos (0), Reviews (0)",https://texasrodeosaloon.com/pittsville-country-dance/,1,,,Videos (0),https://texasrodeosaloon.com/pittsville-country-dance/,1,,,Videos (0),https://texasrodeosaloon.com/pittsville-country-dance
"Country line dance Fulshear, TX",100%,,1,,,"Images (1), Videos (0), Thumbnail (0), Reviews (0), Knowledge Panel (0), People Also Ask (0)",https://texasrodeosaloon.com/country-line-dance-fulshear-tx/,1,,,"Images (1), Thumbnail (0), Knowledge Panel (0), People Also Ask (0)",https://texasrodeosaloon.com/country-line-dancing-near-me-fulshear-tx/,1,,,Videos (0),https://texasrodeosaloon.com/country-line-dancing-near-me-fulshear-tx/,1,,,,https://texasrodeosaloon.com/country-line-dancing...
"Country line dancing Brookshire, TX",100%,,1,,,"Local Pack (1), Images (1), Videos (0), Thumbnail (1), Reviews (0)",https://texasrodeosaloon.com/country-line-dancing-brookshire-tx/,1,,,"Local Pack (1), Images (1), Videos (0), Thumbnail (0), People Also Ask (0)",https://texasrodeosaloon.com/country-line-dancing-brookshire-tx/,1,,,,https://texasrodeosaloon.com/country-line-dancing-brookshire-tx/,1,,,Local Pack (0),https://texasrodeosaloon.com/country-line-dancing-brookshire-tx
country music line dancing 77493,100%,,1,,,"Images (1), Videos (0), Thumbnail (0), Reviews (0), Knowledge Panel (1), People Also Ask (0)",https://texasrodeosaloon.com/country-music-line-dancing-77493/,1,,,"Images (1), Videos (0), Videos (0), Thumbnail (0), Reviews (0), Knowledge Panel (1), People Also Ask (0)",https://texasrodeosaloon.com/country-music-line-dancing-77493/,1,,,"Images (1), Videos (0)",https://texasrodeosaloon.com/line-dancing-77493/,1,,,"Images (1), Videos (0)",https://texasrodeosaloon.com/line-dancing-77493
"Country music line dancing Pittsville, TX",100%,,1,,,"Images (1), Videos (0), People Also Ask (0)",https://texasrodeosaloon.com/country-music-line-dancing-pitsville-tx/,1,,,"Images (1), Reviews (0), Knowledge Panel (0), People Also Ask (0)",https://texasrodeosaloon.com/country-music-line-dancing-pitsville-tx/,1,,,,https://texasrodeosaloon.com/pittsville-country-dance/,1,,,,https://texasrodeosaloon.com/country-music-line-dancing-pitsville-tx
"Country music line dancing Rosenberg, TX",100%,,1,,,"Featured Snippet (1), Images (1), Videos (0), Reviews (0), People Also Ask (0)",https://texasrodeosaloon.com/country-music-line-dancing-rosenberg-tx/,1,,,"Images (1), Videos (0), Thumbnail (0), Knowledge Panel (0), People Also Ask (0)",https://texasrodeosaloon.com/country-music-line-dancing-rosenberg-tx/,1,,,,https://texasrodeosaloon.com/country-music-line-dancing-rosenberg-tx/,1,,,"Images (1), Videos (0)",https://texasrodeosaloon.com/country-music-line...
"Country western bars near me Brookshire, TX",100%,,1,,,"Local Pack (1), Videos (0), Reviews (0), People Also Ask (0)",https://texasrodeosaloon.com/brookshire-country-and-western-bars-near-me/,1(3),,,"Local Pack (1), Videos (0), People Also Ask (0)",https://texasrodeosaloon.com/,1,,,,https://texasrodeosaloon.com/brookshire-country-and-western-bars-near-me/,1,,,Images (1),https://texasrodeosaloon.com/brookshire-country...
"Country western bars near me Cinco Ranch, TX",100%,,1,,,"Local Pack (1), Reviews (0), People Also Ask (0)",https://texasrodeosaloon.com/country-bars-near-me-cinco-ranch-tx/,1(1),,,"Local Pack (1), Reviews (0), People Also Ask (0)",https://texasrodeosaloon.com/,1,,,,https://texasrodeosaloon.com/country-western-bars-near-me-cinco-ranch-tx/,1,,,,https://texasrodeosaloon.com/country-western-bars...
"Country western bars near me Pittsville, TX",100%,,1,,,"Local Pack (0), Videos (0), Reviews (0), People Also Ask (0)",https://texasrodeosaloon.com/country-bars-near-me-pittsville-tx/,1(2),,,"Local Pack (1), Reviews (0), People Also Ask (0)",https://texasrodeosaloon.com/,1,,,,https://texasrodeosaloon.com/country-western-bars-near-me-pittsville-tx/,1,,,,https://texasrodeosaloon.com/country-western-bars...
"cowboy bar near me Fulshear, TX",100%,,1,,,"Local Pack (0), Videos (0), Reviews (0)",https://texasrodeosaloon.com/country-bars-near-me-fulshear-tx/,1(1),,,"Local Pack (1), People Also Ask (0)",https://texasrodeosaloon.com/,1,,,,https://texasrodeosaloon.com/cowboy-bar-near-me-fulshear-tx/,1,,,,https://texasrodeosaloon.com/cowboy-bar-near-me-fulshear-tx
dancehall 77493,100%,,1,,,"Images (0), Videos (0), Thumbnail (1), Reviews (0), Knowledge Panel (1)",https://texasrodeosaloon.com/,1,,,"Images (0), Videos (0), Thumbnail (0), Reviews (0), Knowledge Panel (1)",https://texasrodeosaloon.com/dancehall-77493/,1,,,,https://texasrodeosaloon.com/dancehall-77493/,1,,,,https://texasrodeosaloon.com/dancehall-77493
dance halls in katy tx,100%,,1(1),,,"Local Pack (1), Videos (0), Reviews (0), People Also Ask (0)",https://texasrodeosaloon.com/,1(1),,,"Local Pack (1), Videos (0), Reviews (0), People Also Ask (0)",https://texasrodeosaloon.com/,1(3),,,"Local Pack (1), Images (0)",https://www.texasrodeosaloon.com/,1(3),,,Local Pack (1),https://texasrodeosaloon.com/
texasrodeosaloon.com,100%,75%,1,,,"Videos (0), SiteLinks (1), Reviews (0)",https://texasrodeosaloon.com/,1,,,"Images (1), Videos (0), SiteLinks (1), Thumbnail (0), Reviews (0), Knowledge Panel (1)",https://texasrodeosaloon.com/opening-2023-katy-tx/,1,1,0,,https://texasrodeosaloon.com/,1,,,,https://texasrodeosaloon.com
"Texas two stepping Missouri City, TX",100%,,1,,,"Images (1), Videos (0), Thumbnail (1), People Also Ask (0)",https://texasrodeosaloon.com/missouri-city-texas-two-stepping/,1,,,"Images (1), Videos (0), Thumbnail (1), People Also Ask (0)",https://texasrodeosaloon.com/missouri-city-texas-two-stepping/,1,,,,https://texasrodeosaloon.com/texas-two-stepping-missouri-city-tx/,1,,,"Images (1), News (0)",https://texasrodeosaloon.com/texas-tw…
"Texas two stepping Richmond, TX",100%,,1,,,"Images (1), Videos (0), Thumbnail (1), People Also Ask (0)",https://texasrodeosaloon.com/richmond-texas-two-stepping/,1,,,"Images (1), Videos (0), Thumbnail (0), Knowledge Panel (0), People Also Ask (0)",https://texasrodeosaloon.com/richmond-texas-two-stepping/,1,,,Videos (0),https://texasrodeosaloon.com/texas-two-stepping-richmond-tx/,1,,,Videos (0),https://texasrodeosaloon.com/texas-two-stepping-richmond-tx
country and western bars near me 77449,99%,,2,,,"Local Pack (1), Videos (0), Reviews (0), People Also Ask (0)",https://texasrodeosaloon.com/country-western-bars-near-me-houston-tx/,1(2),,,"Local Pack (1), Reviews (0), People Also Ask (0)",https://texasrodeosaloon.com/,1,,,,https://texasrodeosaloon.com/country-and-western-bars-near-me-77449/,1,,,,https://texasrodeosaloon.com
"Country and western bars near me Brookshire, TX",99%,,1,,,"Featured Snippet (1), Local Pack (0), Videos (0), Reviews (0)",https://texasrodeosaloon.com/live-music-bar-near-me-brookshire-tx/,2,,,"Local Pack (0), Videos (0), Reviews (0), People Also Ask (0)",https://texasrodeosaloon.com/country-bar-close-to-me-brookshire-tx/,1,,,,https://texasrodeosaloon.com/brookshire-country-and-western-bars-near-me/,1,,,,https://texasrodeosaloon.com/brookshire-country...
Country bar 77493,99%,,1,,,"Local Pack (1), Images (1), Thumbnail (0), Reviews (0)",https://texasrodeosaloon.com/,1(2),,,"Local Pack (1), Images (1), Videos (0), Thumbnail (1), Reviews (0), People Also Ask (0)",https://texasrodeosaloon.com/,1,,,,https://texasrodeosaloon.com/country-bar-77493/,2,,,,https://texasrodeosaloon.com/country-bar-77493
"Country bar close to me Pittsville, TX",99%,,1,,,"Local Pack (0), Images (1), Thumbnail (0), People Also Ask (0)",https://texasrodeosaloon.com/country-bar-close-to-me-pittsville-tx/,1,,,"Local Pack (0), Images (1), Reviews (0), People Also Ask (0)",https://texasrodeosaloon.com/country-bars-near-me-pittsville-tx/,2,,,Local Pack (0),https://texasrodeosaloon.com/country-bars-near-me-pittsville-tx/,1,,,,https://texasrodeosaloon.com/country-bar-close-to-me-pittsville-tx
"Country line dance Katy, TX",99%,,1,,,"Images (1), Videos (0), Thumbnail (1), Reviews (0), Knowledge Panel (1), People Also Ask (0)",https://texasrodeosaloon.com/country-line-dance-katy-tx/,1,,,"Images (1), Videos (0), Thumbnail (1), Knowledge Panel (1), People Also Ask (0)",https://texasrodeosaloon.com/country-line-dance-katy-tx/,2,,,,https://texasrodeosaloon.com/country-line-dance-katy-tx/,1(2),,,Local Pack (1),https://texasrodeosaloon.com/
"Country line dance Richmond, TX",99%,,1,,,"Images (1), Videos (0), Thumbnail (1), Reviews (0), Knowledge Panel (0)",https://texasrodeosaloon.com/country-line-dancing-richmond-tx/,1,,,"Images (1), Videos (0), Thumbnail (1), Reviews (0), Knowledge Panel (0)",https://texasrodeosaloon.com/country-line-dancing-richmond-tx/,1,,,,https://texasrodeosaloon.com/country-line-dancing-richmond-tx/,2,,,Local Pack (0),https://texasrodeosaloon.com/country-line-dancing-richmond-tx
"Line dancing Brookshire, TX",99%,,1,,,"Local Pack (1), Images (1), Videos (0), Thumbnail (1), Reviews (0), People Also Ask (0)",https://texasrodeosaloon.com/country-line-dancing-brookshire-tx/,1,,,"Local Pack (1), Images (1), Videos (0), Thumbnail (1), People Also Ask (0)",https://texasrodeosaloon.com/line-dancing-brookshire-tx/,1,,,,https://texasrodeosaloon.com/country-line-dancing-brookshire-tx/,2,,,Local Pack (0),https://texasrodeosaloon.com/country-line-dancing-brookshire-tx
"Line dancing Pittsville, TX",99%,,1,,,"Images (1), Videos (0)",https://texasrodeosaloon.com/country-music-line-dancing-pitsville-tx/,1,,,"Images (1), Videos (0), Thumbnail (0), Reviews (0), People Also Ask (0)",https://texasrodeosaloon.com/pittsville-line-dancing/,1,,,,https://texasrodeosaloon.com/line-dancing-pittsville-tx/,2,,,Local Pack (0),https://texasrodeosaloon.com/line-dancing-pittsville-tx
"Texas two stepping Fulshear, TX",99%,,2(1),,,"Images (1), Videos (0), People Also Ask (0)",https://texasrodeosaloon.com/texas-two-stepping-fulshear-tx/,1,,,"Images (1), Videos (0), Thumbnail (1), Reviews (0), People Also Ask (0)",https://texasrodeosaloon.com/texas-two-stepping-fulshear-tx/,1,,,Videos (0),https://texasrodeosaloon.com/texas-two-stepping-fulshear-tx/,1,,,Videos (0),https://texasrodeosaloon.com/texas-two-stepping-fulshear-tx
"Bar with live music near me Pittsville, TX",98%,,2,,,"Local Pack (0), Reviews (0)",https://texasrodeosaloon.com/bar-with-live-music-near-me-pittsville-tx/,2,,,Local Pack (0),https://texasrodeosaloon.com/bar-with-live-music-near-me-pittsville-tx/,1,,,,https://texasrodeosaloon.com/bar-with-live-music-near-me-pittsville-tx/,1,,,,https://texasrodeosaloon.com/bar-with-live-music...
"Country bars near me Pittsville, TX",98%,,1,,,"Local Pack (0), Videos (0), Reviews (0), People Also Ask (0)",https://texasrodeosaloon.com/country-bars-near-me-pittsville-tx/,2,,,"Local Pack (0), People Also Ask (0)",https://texasrodeosaloon.com/country-western-bars-near-me-pittsville-tx/,2,,,"Local Pack (0), Images (0)",https://texasrodeosaloon.com/country-bars-near-me-pittsville-tx/,1,,,Images (0),https://texasrodeosaloon.com/country-bars-near-me-pittsville-tx
"Country dance Cinco Ranch, TX",98%,,1,,,"Local Pack (1), Images (0), Videos (0), Thumbnail (0), Reviews (0), People Also Ask (0)",https://texasrodeosaloon.com/cinco-ranch-country-dance/,1(1),,,"Local Pack (1), Images (1), Videos (0), Thumbnail (1), Reviews (0), People Also Ask (0)",https://texasrodeosaloon.com/,2,,,Local Pack (0),https://texasrodeosaloon.com/country-dance-cinco-ranch-tx/,2,,,Local Pack (0),https://texasrodeosaloon.com/country-dance-cinco-ranch-tx
"Country music bars near me Cinco Ranch, TX",98%,,2,,,"Local Pack (0), Reviews (0), People Also Ask (0)",https://texasrodeosaloon.com/country-bars-near-me-cinco-ranch-tx/,2,,,"Local Pack (0), Reviews (0), People Also Ask (0)",https://texasrodeosaloon.com/country-bars-near-me-cinco-ranch-tx/,1,,,,https://texasrodeosaloon.com/country-western-bars-near-me-cinco-ranch-tx/,1,,,,https://texasrodeosaloon.com/country-western-bars...
"Country music bars near me Fulshear, TX",98%,,2,,,"Local Pack (0), Reviews (0)",https://texasrodeosaloon.com/bar-with-live-music-near-me-fulshear-tx/,3,,,"Local Pack (0), Reviews (0)",https://texasrodeosaloon.com/country-bars-near-me-fulshear-tx/,1,,,,https://texasrodeosaloon.com/country-music-bars-near-me-fulshear/,1,,,,https://texasrodeosaloon.com/country-music-bars-near-me-fulshear
"Country music near me Cinco Ranch, TX",98%,,1,,,"Local Pack (1), Videos (0), Reviews (0), People Also Ask (0)",https://texasrodeosaloon.com/country-music-near-me-cinco-ranch-tx/,1(1),,,"Local Pack (1), Videos (0), Reviews (0), People Also Ask (0)",https://texasrodeosaloon.com/,2,,,Local Pack (0),https://texasrodeosaloon.com/country-western-bars-near-me-cinco-ranch-tx/,2,,,Local Pack (0),https://texasrodeosaloon.com/live-music-near-me-cinco-ranch-tx
"Country music near me Fulshear, TX",98%,,2,,,"Local Pack (1), Videos (0), Reviews (0), People Also Ask (0)",https://texasrodeosaloon.com/country-music-near-me-fulshear/,1(1),,,"Local Pack (1), Videos (0), Reviews (0)",https://texasrodeosaloon.com/,2,,,Local Pack (0),https://texasrodeosaloon.com/country-bars-near-me-fulshear-tx/,2,,,Local Pack (0),https://texasrodeosaloon.com/country-music-near-me-fulshear
country western bars near me 77493,98%,,2,,,"Local Pack (0), Videos (0), Reviews (0), People Also Ask (0)",https://texasrodeosaloon.com/,3,,,"Local Pack (0), Reviews (0), People Also Ask (0)",https://texasrodeosaloon.com/,1,,,,https://texasrodeosaloon.com/country-bars-near-me-77493/,1,,,,https://texasrodeosaloon.com/country-western-bars-near-me-77493
"Dancehall Rosenberg, TX",98%,,3,,,"Local Pack (0), Images (1), Videos (0), Thumbnail (0), Reviews (0), People Also Ask (0)",https://texasrodeosaloon.com/rosenberg-dancehall/,2,,,"Local Pack (0), Images (1), Videos (0), Thumbnail (0), Reviews (0)",https://texasrodeosaloon.com/rosenberg-dancehall/,1,,,,https://texasrodeosaloon.com/rosenberg-dancehall/,1,,,,https://texasrodeosaloon.com/rosenberg-dancehall
"Dance halls near me Pittsville, TX",98%,,1,,,"Local Pack (0), Videos (0)",https://texasrodeosaloon.com/dance-halls-near-me-pittsville-tx/,2,,,"Local Pack (0), Reviews (0), People Also Ask (0)",https://texasrodeosaloon.com/dance-halls-near-me-pittsville-tx/,2,,,Local Pack (0),https://texasrodeosaloon.com/dance-halls-near-me-pittsville-tx/,2,,,Local Pack (0),https://texasrodeosaloon.com/dance-halls-near-me-pittsville-tx
line dancing 77493,98%,,2,,,"Local Pack (1), Images (1), Videos (0), Thumbnail (1), Reviews (0)",https://texasrodeosaloon.com/country-line-dancing-katy-tx/,1,,,"Local Pack (1), Images (1), Videos (0), Thumbnail (0), Reviews (0), People Also Ask (0)",https://texasrodeosaloon.com/line-dancing-77493/,1,,,,https://texasrodeosaloon.com/line-dancing-77493/,2,,,"Local Pack (0), Images (1)",https://texasrodeosaloon.com
"Live music near me tonight Pittsville, TX",98%,,1,,,"Local Pack (0), Reviews (0)",https://texasrodeosaloon.com/live-music-near-me-pittsville-tx/,2,,,Local Pack (0),https://texasrodeosaloon.com/live-music-near-me-tonight-pittsville/,1,,,,https://texasrodeosaloon.com/live-music-near-me-tonight-pittsville/,2,,,Local Pack (0),https://texasrodeosaloon.com/live-music-near-me-tonight-pittsville
"Country bars near me Cinco Ranch, TX",97%,,2,,,"Local Pack (0), Videos (0), Reviews (0)",https://texasrodeosaloon.com/country-bars-near-me-cinco-ranch-tx/,3,,,"Local Pack (0), Reviews (0)",https://texasrodeosaloon.com/country-bars-near-me-cinco-ranch-tx/,2,,,Local Pack (0),https://texasrodeosaloon.com/country-bars-near-me-cinco-ranch-tx/,1,,,,https://texasrodeosaloon.com/country-bars-near-me-cinco-ranch-tx
"Country dance Katy, TX",97%,,1(1),,,"Local Pack (1), Images (1), Videos (0), Thumbnail (1), Reviews (0)",https://texasrodeosaloon.com/,1(2),,,"Local Pack (1), Images (1), Videos (0), Thumbnail (0), Reviews (0), People Also Ask (0)",https://texasrodeosaloon.com/,5,,,Local Pack (0),https://texasrodeosaloon.com/,1(2),,,Local Pack (1),https://texasrodeosaloon.com/
Country music dancing near me 77449,97%,,2,,,"Videos (0), Reviews (0), Knowledge Panel (1), People Also Ask (0)",https://texasrodeosaloon.com/country-line-dance-77449/,2,,,"Reviews (0), Knowledge Panel (1), People Also Ask (0)",https://texasrodeosaloon.com/country-line-dancing-near-me-77449/,2,,,,https://texasrodeosaloon.com/country-music-dancing-near-me-77449/,2,,,Local Pack (0),https://texasrodeosaloon.com/country-music-dancing-near-me-77449
country bar 77449,96%,,1,,,"Local Pack (1), Images (0), Thumbnail (0), Reviews (0), People Also Ask (0)",https://texasrodeosaloon.com/,1(2),,,"Local Pack (1), Images (1), Videos (0), Thumbnail (0), Reviews (0), People Also Ask (0)",https://texasrodeosaloon.com/,5,,,Local Pack (0),https://texasrodeosaloon.com/,2,,,"Local Pack (0), Images (1)",https://texasrodeosaloon.com/country-bar-77449
country line dance 77449,96%,,1,,,"Local Pack (1), Images (1), Videos (0), Thumbnail (1), Reviews (0), Ads Bottom (0)",https://texasrodeosaloon.com/country-line-dance-katy-tx/,1,,,"Reviews (0), People Also Ask (0), Ads Top (0)",https://texasrodeosaloon.com/country-line-dance-katy-tx/,6,,,Videos (0),https://texasrodeosaloon.com/country-line-dancing-77449/,1,,,Videos (0),https://texasrodeosaloon.com/country-line-dancing-77449
"Country line dancing near me Richmond, TX",96%,,2,,,"Local Pack (0), Videos (0), Reviews (0), People Also Ask (0)",https://texasrodeosaloon.com/country-line-dancing-richmond-tx/,3,,,"Local Pack (0), Videos (0), Ads Top (0)",https://texasrodeosaloon.com/country-line-dancing-richmond-tx/,2,,,Local Pack (0),https://texasrodeosaloon.com/country-line-dancing-richmond-tx/,2,,,Local Pack (0),https://texasrodeosaloon.com/country-line-dancing-richmond-tx
"Country music dancing near me Katy, TX",96%,,1,,,"Videos (0), Reviews (0), Knowledge Panel (0)",https://texasrodeosaloon.com/,1,,,"Videos (0), Thumbnail (0), Reviews (0), Knowledge Panel (0), People Also Ask (0)",https://texasrodeosaloon.com/,6,,,,https://texasrodeosaloon.com/,1(3),,,Local Pack (1),https://texasrodeosaloon.com/
"cowboy bar near me Katy, TX",96%,,3,,,"Featured Snippet (0), Local Pack (1), Videos (0), Reviews (0), People Also Ask (0)",https://texasrodeosaloon.com/,1(1),,,"Local Pack (1), Videos (0), Reviews (0)",https://texasrodeosaloon.com/,4,,,,https://texasrodeosaloon.com/,1,,,,https://texasrodeosaloon.com
"cowboy bar near me Missouri City, TX",96%,,2,,,"Local Pack (0), Reviews (0)",https://texasrodeosaloon.com/houston-country-bar/,4,,,"Local Pack (0), Reviews (0)",https://texasrodeosaloon.com/live-music-bar-near-me-missouri-city-tx/,1,,,,https://texasrodeosaloon.com/cowboy-bar-near-me-missouri-city-tx/,2,,,Local Pack (0),https://texasrodeosaloon.com/cowboy-bar-near-me-missouri-city-tx/
"Line dancing near me Richmond, TX",96%,,2,,,"Local Pack (0), Images (1), Videos (0), Reviews (0), People Also Ask (0)",https://texasrodeosaloon.com/country-line-dancing-richmond-tx/,3,,,"Local Pack (0), Images (1), Videos (0), Reviews (0), People Also Ask (0)",https://texasrodeosaloon.com/country-line-dancing-richmond-tx/,1,,,,https://texasrodeosaloon.com/country-line-dancing-richmond-tx/,3,,,Local Pack (0),https://texasrodeosaloon.com/country-line-dancing-richmond-tx
"Live music bar near me Brookshire, TX",96%,,1,,,"Featured Snippet (1), Local Pack (0), Videos (0)",https://texasrodeosaloon.com/live-music-bar-near-me-brookshire-tx/,3,,,"Local Pack (0), Videos (0), Reviews (0)",https://texasrodeosaloon.com/live-music-near-me-brookshire-tx/,3,,,Local Pack (0),https://texasrodeosaloon.com/live-music-bar-near-me-brookshire-tx/,2,,,,https://texasrodeosaloon.com/live-music-bar-near-me-brookshire-tx
"Country line dancing Katy, TX",95%,,1(1),,,"Local Pack (1), Images (1), Videos (0), Thumbnail (1), Reviews (0)",https://texasrodeosaloon.com/,1(1),,,"Local Pack (1), Images (1), Videos (0), Thumbnail (0), Reviews (0), People Also Ask (0)",https://texasrodeosaloon.com/,4,,,,https://texasrodeosaloon.com/country-line-dance-katy-tx/,4,,,,https://texasrodeosaloon.com/country-line-dance-katy-tx
"Country music bars near me Rosenberg, TX",95%,,2,,,"Local Pack (0), Videos (0), People Also Ask (0)",https://texasrodeosaloon.com/best-country-music-bars-near-me-rosenberg-tx/,3,,,"Local Pack (0), Videos (0), Reviews (0), People Also Ask (0)",https://texasrodeosaloon.com/best-country-music-bars-near-me-rosenberg-tx/,2,,,,https://texasrodeosaloon.com/best-country-music-bars-near-me-rosenberg-tx/,3,,,,https://texasrodeosaloon.com/best-country-music...
"Country music line dancing Cypress, TX",95%,,5,,,"Images (1), Videos (0), Thumbnail (0), Reviews (0), Knowledge Panel (0), People Also Ask (0)",https://texasrodeosaloon.com/live-music-near-me-cypress-tx/,1,,,"Images (1), Videos (0), Thumbnail (0), Reviews (0), Knowledge Panel (0), People Also Ask (0)",https://texasrodeosaloon.com/cypress-country-music-line-dancing/,1,,,,https://texasrodeosaloon.com/country-music-line-dancing-cypress-tx/,3,,,Local Pack (0),https://texasrodeosaloon.com/country-music-line-dancing-cypress-tx
"Dancehall Cypress, TX",95%,,3,,,"Local Pack (0), Images (0), Videos (0), Thumbnail (1), Reviews (0)",https://texasrodeosaloon.com/dance-bars-near-me-cypress-tx/,3,,,"Local Pack (0), Images (0), Videos (0), Thumbnail (0), Reviews (0)",https://texasrodeosaloon.com/cypress-dancehall/,2,,,,https://texasrodeosaloon.com/cypress-dancehall/,2,,,,https://texasrodeosaloon.com/cypress-dancehall
"Live music near me Brookshire, TX",95%,,1,,,"Featured Snippet (1), Local Pack (0), Videos (0), Reviews (0), People Also Ask (0)",https://texasrodeosaloon.com/live-music-bar-near-me-brookshire-tx/,3,,,Local Pack (0),https://texasrodeosaloon.com/live-music-near-me-brookshire-tx/,3,,,Local Pack (0),https://texasrodeosaloon.com/live-music-brookshire-tx/,3,,,Local Pack (0),https://texasrodeosaloon.com/live-music-brookshire-tx
"Country and western bars near me Missouri City, TX",94%,,1,,,"Featured Snippet (1), Local Pack (0), Videos (0), Reviews (0), People Also Ask (0)",https://texasrodeosaloon.com/country-bar-missouri-city-tx/,3,,,"Local Pack (0), Thumbnail (0), Reviews (0), People Also Ask (0)",https://texasrodeosaloon.com/country-and-western-bars-near-me-missouri-city-tx/,1,,,,https://texasrodeosaloon.com/country-and-western-bars-near-me-missouri-city-tx/,6,,,,https://texasrodeosaloon.com
"Country bar close to me Rosenberg, TX",94%,,3,,,"Local Pack (0), Videos (0), Reviews (0)",https://texasrodeosaloon.com/country-music-line-dancing-rosenberg-tx/,3,,,"Local Pack (0), Videos (0), Reviews (0), People Also Ask (0)",https://texasrodeosaloon.com/best-country-music-bars-near-me-rosenberg-tx/,3,,,,https://texasrodeosaloon.com/country-bar-close-to-me-rosenberg-tx/,2,,,Local Pack (0),https://texasrodeosaloon.com/country-bar-close-to-me-rosenberg-tx
country line dancing near me 77449,94%,,2,,,"Images (1), Videos (0), Thumbnail (0), Knowledge Panel (1), People Also Ask (0)",https://texasrodeosaloon.com/country-line-dancing-near-me-77449/,2,,,"Images (1), Thumbnail (0), Reviews (0), Knowledge Panel (1), People Also Ask (0)",https://texasrodeosaloon.com/country-line-dance-77449/,4,,,Videos (0),https://texasrodeosaloon.com/country-line-dancing-near-me-77449/,3,,,"Local Pack (0), Videos (0)",https://texasrodeosaloon.com/houston-line-dancing
country dancing near me 77449,93%,,1,,,"Videos (0), Reviews (0), Knowledge Panel (1), People Also Ask (0)",https://texasrodeosaloon.com/country-line-dancing-near-me-77449/,2,,,"Knowledge Panel (1), People Also Ask (0)",https://texasrodeosaloon.com/country-line-dancing-near-me-77449/,5,,,,https://texasrodeosaloon.com/country-music-dancing-near-me-77449/,5,,,Local Pack (0),https://texasrodeosaloon.com/country-music-dancing-near-me-77449
"Country dancing near me Missouri City, TX",93%,,2,,,"Local Pack (0), Videos (0), Reviews (0)",https://texasrodeosaloon.com/country-line-dancing-missouri-city-tx/,3,,,"Local Pack (0), Videos (0), Reviews (0)",https://texasrodeosaloon.com/country-line-dancing-missouri-city-tx/,6,,,"Local Pack (0), Videos (0)",https://texasrodeosaloon.com/country-dancing-near-me-missouri-city-tx/,2,,,Local Pack (0),https://texasrodeosaloon.com/country-dancing-near...
Country line dancing 77449,93%,,2,,,"Local Pack (1), Images (1), Videos (0), Thumbnail (0), Reviews (0), People Also Ask (0)",https://texasrodeosaloon.com/country-line-dancing-77449/,1(2),,,"Local Pack (1), Reviews (0), People Also Ask (0)",https://texasrodeosaloon.com/,3,,,Videos (0),https://texasrodeosaloon.com/country-line-dancing-near-me-77449/,6,,,Local Pack (0),https://texasrodeosaloon.com
"Country line dancing near me Katy, TX",93%,,2,,,"Featured Snippet (0), Local Pack (0), Videos (0), Reviews (0), People Also Ask (0)",https://texasrodeosaloon.com/country-line-dance-katy-tx/,3,,,"Local Pack (0), Videos (0), Reviews (0), People Also Ask (0)",https://texasrodeosaloon.com/country-line-dance-katy-tx/,3,,,,https://texasrodeosaloon.com/country-line-dance-katy-tx/,5,,,Local Pack (0),https://texasrodeosaloon.com/country-line-dance-katy-tx
"Country line dancing West Houston, TX",93%,,3,,,"Local Pack (0), Images (0), Videos (0), Thumbnail (1), Reviews (0), People Also Ask (0)",https://texasrodeosaloon.com/line-dancing-near-me-west-houston-tx/,4,,,"Local Pack (0), Images (0), Videos (0), Videos (0), Thumbnail (1)",https://texasrodeosaloon.com/line-dancing-near-me-west-houston-tx/,4,,,Videos (0),https://texasrodeosaloon.com/country-line-dancing-west-houston-tx/,2,,,Local Pack (0),https://texasrodeosaloon.com/country-line-dancing-west-houston-tx
"cowboy bar near me Sugar Land, TX",93%,,4,,,"Local Pack (0), Videos (0), Reviews (0), People Also Ask (0)",https://texasrodeosaloon.com/country-western-bars-near-me-houston-tx/,4,,,"Local Pack (0), Videos (0), Reviews (0), People Also Ask (0)",https://texasrodeosaloon.com/country-bars-near-me-sugar-land-tx/,3,,,Local Pack (0),https://texasrodeosaloon.com/cowboy-bar-near-me-sugar-land-tx/,2,,,,https://texasrodeosaloon.com/cowboy-bar-near-me-sugar-land-tx
dance bars near me 77449,93%,,1(2),,,"Local Pack (1), Videos (0), Reviews (0)",https://texasrodeosaloon.com/,1(2),,,"Local Pack (1), Reviews (0)",https://texasrodeosaloon.com/,4,,,Local Pack (0),https://texasrodeosaloon.com/dance-bars-near-me-77449/,7,,,Local Pack (0),https://texasrodeosaloon.com/dance-bars-near-me-77449
"Line dancing near me Katy, TX",93%,,2,,,"Featured Snippet (0), Local Pack (0), Videos (0), Reviews (0), People Also Ask (0)",https://texasrodeosaloon.com/country-line-dance-katy-tx/,3,,,"Local Pack (0), Videos (0), Videos (0), Reviews (0), People Also Ask (0)",https://texasrodeosaloon.com/country-line-dance-katy-tx/,4,,,,https://texasrodeosaloon.com/country-line-dance-katy-tx/,4,,,Local Pack (0),https://texasrodeosaloon.com/country-line-dance-katy-tx
"Live music Brookshire, TX",93%,,3,,,"Local Pack (0), Images (1), Videos (0), Thumbnail (0), Reviews (0)",https://texasrodeosaloon.com/brookshire-live-music/,4,,,"Local Pack (0), Images (1), Videos (0), Thumbnail (1)",https://texasrodeosaloon.com/live-music-bar-near-me-brookshire-tx/,4,,,Local Pack (0),https://texasrodeosaloon.com/live-music-brookshire-tx/,2,,,Local Pack (0),https://texasrodeosaloon.com/live-music-brookshire-tx
"Texas two stepping Rosenberg, TX",93%,,1,,,"Images (0), Videos (0)",https://texasrodeosaloon.com/rosenbergs-texas-two-stepping/,1,,,"Images (0), Videos (0), Thumbnail (0), Knowledge Panel (0), People Also Ask (0)",https://texasrodeosaloon.com/rosenbergs-texas-two-stepping/,1,,,Videos (0),https://texasrodeosaloon.com/texas-two-stepping-rosenberg-tx/,9,,,,https://texasrodeosaloon.com/texas-two-stepping-rosenberg-tx
"Country western bars near me Sugar Land, TX",92%,,3,,,"Featured Snippet (0), Local Pack (0), Videos (0), Reviews (0), People Also Ask (0)",https://texasrodeosaloon.com/country-bars-near-me-sugar-land-tx/,4,,,"Local Pack (0), Videos (0), Thumbnail (0), Reviews (0), People Also Ask (0)",https://texasrodeosaloon.com/country-bars-near-me-sugar-land-tx/,5,,,,https://texasrodeosaloon.com/country-western-bars-near-me-sugar-land-tx/,2,,,,https://texasrodeosaloon.com/country-western-bars...
line dancing near me 77449,92%,,4,,,"Local Pack (1), Images (1), Videos (0), Thumbnail (0), Reviews (0), People Also Ask (0)",https://texasrodeosaloon.com/country-line-dance-77449/,1(2),,,"Local Pack (1), Images (1), Videos (0), Thumbnail (0), Reviews (0), People Also Ask (0)",https://texasrodeosaloon.com/,5,,,,https://texasrodeosaloon.com/houston-line-dancing/,4,,,Local Pack (0),https://texasrodeosaloon.com/line-dancing-near-me-77449
"Line dancing Sugar Land, TX",92%,,2,,,"Images (1), Videos (0), Thumbnail (1), Reviews (0)",https://texasrodeosaloon.com/line-dancing-sugar-land-tx/,3,,,"Local Pack (0), Images (1), Videos (0), Thumbnail (0), Reviews (0), Ads Top (0)",https://texasrodeosaloon.com/line-dancing-sugar-land-tx/,4,,,,https://texasrodeosaloon.com/sugar-land-country-music-line-dancing/,5,,,Local Pack (0),https://texasrodeosaloon.com/sugar-la…
"bars and live music near me Fulshear, TX",91%,69%,2,,,"Featured Snippet (0), Local Pack (0), Reviews (0)",https://texasrodeosaloon.com/bar-with-live-music-near-me-fulshear-tx/,4,,,"Local Pack (0), Reviews (0)",https://texasrodeosaloon.com/bar-with-live-music-near-me-fulshear-tx/,5,5,0,Local Pack (0),https://texasrodeosaloon.com/bars-and-live-music-near-me-fulshear-tx/,4,,,,https://texasrodeosaloon.com/bars-and-live-music...
"Country dance Fulshear, TX",91%,,2,,,"Local Pack (0), Images (1), Videos (0), Thumbnail (0), Reviews (0), People Also Ask (0)",https://texasrodeosaloon.com/country-line-dance-fulshear-tx/,2,,,"Images (1), Thumbnail (1), Knowledge Panel (0), People Also Ask (0)",https://texasrodeosaloon.com/country-line-dance-fulshear-tx/,2,,,"Local Pack (0), Videos (0)",https://texasrodeosaloon.com/country-dance-fulshear-tx/,9,,,Videos (0),https://texasrodeosaloon.com/country-dance-fulshear-tx
"Country dance Sugar Land, TX",91%,,2,,,"Local Pack (0), Images (1), Videos (0), Thumbnail (1), Reviews (0)",https://texasrodeosaloon.com/country-dance-sugar-land-tx/,2,,,"Local Pack (0), Images (1), Videos (0), Thumbnail (1), Reviews (0), Ads Top (0), Ads Bottom (0)",https://texasrodeosaloon.com/country-dance-sugar-land-tx/,5,,,Local Pack (0),https://texasrodeosaloon.com/sugar-land-country-music-line-dancing/,6,,,Local Pack (0),https://texasrodeosaloon.com/sugar-la…
"Country music bars near me Katy, TX",91%,,2,,,"Local Pack (0), Videos (0), Reviews (0), People Also Ask (0)",https://texasrodeosaloon.com/,2,,,"Local Pack (0), Videos (0), Reviews (0)",https://texasrodeosaloon.com/,7,,,,https://texasrodeosaloon.com/country-music-bars-near-me-katy-tx/,4,,,,https://texasrodeosaloon.com
"Country music bars near me West Houston, TX",91%,,3,,,"Featured Snippet (0), Local Pack (0), Videos (0), Reviews (0)",https://texasrodeosaloon.com/,4,,,"Local Pack (0), Videos (0), Thumbnail (0), Reviews (0)",https://texasrodeosaloon.com/country-western-bars-near-me-houston-tx/,2,,,,https://texasrodeosaloon.com/country-music-bars-near-me-west-houston-tx/,6,,,,https://texasrodeosaloon.com/country-music-bars...
"Country bar Sugar Land, TX",90%,,4,,,"Local Pack (0), Images (1), Videos (0), Thumbnail (1), Reviews (0), People Also Ask (0)",https://texasrodeosaloon.com/country-bar-sugar-land-tx/,4,,,"Local Pack (0), Images (1), Videos (0), Thumbnail (1), Reviews (0), People Also Ask (0)",https://texasrodeosaloon.com/country-bar-sugar-land-tx/,4,,,Local Pack (0),https://texasrodeosaloon.com/country-bar-sugar-land-tx/,4,,,Local Pack (0),https://texasrodeosaloon.com/country-…
"Country dancing near me Cypress, TX",90%,,2,,,"Local Pack (0), Videos (0), Reviews (0)",https://texasrodeosaloon.com/cypress-country-music-line-dancing/,4,,,"Local Pack (0), Videos (0), Reviews (0), People Also Ask (0)",https://texasrodeosaloon.com/cypress-country-music-line-dancing/,5,,,,https://texasrodeosaloon.com/country-dancing-near-me-cypress-tx/,5,,,Local Pack (0),https://texasrodeosaloon.com/country-dancing-near-me-cypress-tx
Dance bars near me 77493,90%,,3,,,"Featured Snippet (0), Local Pack (1), Videos (0), Reviews (0)",https://texasrodeosaloon.com/dance-bars-near-me-77493/,1(2),,,"Local Pack (1), Videos (0), Reviews (0)",https://texasrodeosaloon.com/,6,,,Local Pack (0),https://texasrodeosaloon.com/dance-bars-near-me-77493/,6,,,Local Pack (0),https://texasrodeosaloon.com/country-western-bars-near-me-77493
"Line dancing near me Fulshear, TX",90%,,1,,,"Local Pack (0), Videos (0), Reviews (0), People Also Ask (0)",https://texasrodeosaloon.com/country-line-dancing-near-me-fulshear-tx/,2,,,"Local Pack (0), Videos (0), Reviews (0)",https://texasrodeosaloon.com/country-line-dancing-near-me-fulshear-tx/,5,,,,https://texasrodeosaloon.com/always-a-great-time-line-dancing-near-me-fulshear-tx/,8,,,Local Pack (0),https://texasrodeosaloon.com/country-line-dancing...
"Live music near me tonight Fulshear, TX",90%,,2,,,"Local Pack (0), Videos (0), Reviews (0)",https://texasrodeosaloon.com/live-music-near-me-tonight-fulshear-tx/,3,,,"Local Pack (0), Videos (0), Reviews (0)",https://texasrodeosaloon.com/live-music-near-me-tonight-fulshear-tx/,6,,,,https://texasrodeosaloon.com/bar-with-live-music-near-me-fulshear-tx/,5,,,Local Pack (0),https://texasrodeosaloon.com/bars-and-live-music...
"Bar with live music near me Fulshear, TX",89%,,4,,,"Local Pack (0), Reviews (0)",https://texasrodeosaloon.com/bar-with-live-music-near-me-fulshear-tx/,4,,,"Local Pack (0), Reviews (0)",https://texasrodeosaloon.com/bar-with-live-music-near-me-fulshear-tx/,5,,,Local Pack (0),https://texasrodeosaloon.com/bars-and-live-music-near-me-fulshear-tx/,4,,,,https://texasrodeosaloon.com/bars-and-live-music...
"Country bar close to me Sugar Land, TX",89%,,3,,,"Featured Snippet (0), Local Pack (0), Videos (0), People Also Ask (0)",https://texasrodeosaloon.com/country-bar-sugar-land-tx/,4,,,"Local Pack (0), Videos (0), Reviews (0), People Also Ask (0)",https://texasrodeosaloon.com/country-bar-sugar-land-tx/,4,,,Local Pack (0),https://texasrodeosaloon.com/country-bar-close-to-me-sugar-land/,6,,,"Local Pack (0), Videos (0)",https://texasrodeosaloon.com/country-…
"Country dancing near me Richmond, TX",89%,,5,,,"Local Pack (0), Videos (0), Reviews (0)",https://texasrodeosaloon.com/,3,,,"Local Pack (0), Videos (0), Reviews (0)",https://texasrodeosaloon.com/,5,,,Videos (0),https://texasrodeosaloon.com/country-line-dancing-richmond-tx/,4,,,Local Pack (0),https://texasrodeosaloon.com/country-line-dancing-richmond-tx
bar with live music near me 77493,88%,,6,,,"Local Pack (0), Videos (0), Reviews (0), People Also Ask (0)",https://texasrodeosaloon.com/live-music-bar-near-me-77493/,4,,,"Local Pack (0), Videos (0), Reviews (0)",https://texasrodeosaloon.com/live-music-bar-near-me-77493/,5,,,Local Pack (0),https://texasrodeosaloon.com/bar-with-live-music-near-me-77493/,3,,,Local Pack (0),https://texasrodeosaloon.com
"Country bar close to me Cinco Ranch, TX",88%,,1,,,"Local Pack (1), Images (0), Videos (0), Thumbnail (0), Reviews (0), People Also Ask (0)",https://texasrodeosaloon.com/country-bars-near-me-cinco-ranch-tx/,1(1),,,"Local Pack (1), Images (0), Videos (0), Thumbnail (0), Reviews (0), People Also Ask (0)",https://texasrodeosaloon.com/,2,,,Local Pack (0),https://texasrodeosaloon.com/country-bars-near-me-cinco-ranch-tx/,15,,,Local Pack (0),https://texasrodeosaloon.com/bar-with-live-music-near-me-cinco-ra…
country bars near me 77493,88%,,2,,,"Local Pack (1), People Also Ask (0)",https://texasrodeosaloon.com/,3,,,"Local Pack (0), Reviews (0), People Also Ask (0)",https://texasrodeosaloon.com/,3,,,,https://texasrodeosaloon.com/country-bars-near-me-77493/,10,,,,https://texasrodeosaloon.com/country-bars-near-me-77493
"Country bars near me Rosenberg, TX",88%,,3,,,"Local Pack (0), Videos (0), Reviews (0)",https://texasrodeosaloon.com/best-country-music-bars-near-me-rosenberg-tx/,3,,,"Local Pack (0), Videos (0), Reviews (0)",https://texasrodeosaloon.com/best-country-music-bars-near-me-rosenberg-tx/,6,,,,https://texasrodeosaloon.com/best-country-music-bars-near-me-rosenberg-tx/,6,,,,https://texasrodeosaloon.com/best-country-music...
"Country bars near me Sugar Land, TX",88%,,3,,,"Featured Snippet (0), Local Pack (0), Videos (0), People Also Ask (0)",https://texasrodeosaloon.com/country-bar-sugar-land-tx/,4,,,"Local Pack (0), Videos (0), People Also Ask (0)",https://texasrodeosaloon.com/country-bar-sugar-land-tx/,6,,,Local Pack (0),https://texasrodeosaloon.com/country-bar-sugar-land-tx/,6,,,,https://texasrodeosaloon.com/country-…
live music bar near me 77449,88%,,2,,,"Local Pack (0), Reviews (0)",https://texasrodeosaloon.com/live-music-bar-near-me-77449/,4,,,"Local Pack (0), Reviews (0)",https://texasrodeosaloon.com/live-music-bar-near-me-77449/,6,,,Local Pack (0),https://texasrodeosaloon.com/live-music-bar-near-me-77449/,6,,,,https://texasrodeosaloon.com/live-music-bar-near-me-77449
"Country western bars near me Cypress, TX",87%,,4,,,"Featured Snippet (0), Local Pack (0), Videos (0), Reviews (0), People Also Ask (0)",https://texasrodeosaloon.com/country-and-western-bars-near-me-cypress-tx/,5,,,"Local Pack (0), Videos (0), Reviews (0), People Also Ask (0)",https://texasrodeosaloon.com/country-and-western-bars-near-me-cypress-tx/,5,,,,https://texasrodeosaloon.com/country-and-western-bars-near-me-cypress-tx/,6,,,Local Pack (0),https://texasrodeosaloon.com/country-and-western...
"Live music near me Pittsville, TX",87%,,1,,,"Local Pack (0), Reviews (0)",https://texasrodeosaloon.com/live-music-near-me-tonight-pittsville/,2,,,Local Pack (0),https://texasrodeosaloon.com/live-music-near-me-tonight-pittsville/,2,,,Local Pack (0),https://texasrodeosaloon.com/bar-with-live-music-near-me-pittsville-tx/,15,,,Local Pack (0),https://texasrodeosaloon.com/country-bars-near-me-pittsville-tx
"Country line dance Missouri City, TX",86%,,1,,,"Local Pack (0), Images (1), Videos (0), Thumbnail (1), Reviews (0), People Also Ask (0)",https://texasrodeosaloon.com/country-line-dancing-missouri-city-tx/,1,,,"Local Pack (0), Images (1), Videos (0), Thumbnail (0), Reviews (0), People Also Ask (0)",https://texasrodeosaloon.com/country-line-dancing-missouri-city-tx/,10,,,,https://texasrodeosaloon.com/line-dancing-near-me-missouri-city-tx/,9,,,Local Pack (0),https://texasrodeosaloon.com/line-dancing-near-me-missouri-city-tx
"Country line dancing Missouri City, TX",86%,,2,,,"Images (1), Videos (0), Thumbnail (1), Reviews (0)",https://texasrodeosaloon.com/country-line-dancing-missouri-city-tx/,1,,,"Local Pack (0), Images (1), Videos (0), Thumbnail (0), Reviews (0)",https://texasrodeosaloon.com/country-line-dancing-missouri-city-tx/,13,,,"Local Pack (0), Images (0)",https://texasrodeosaloon.com/houston-line-dancing/,5,,,Local Pack (0),https://texasrodeosaloon.com/country-and-western...
"Country music near me Katy, TX",85%,,5,,,"Local Pack (0), Videos (0), Reviews (0)",https://texasrodeosaloon.com/,1(3),,,"Local Pack (1), Videos (0), Reviews (0)",https://texasrodeosaloon.com/,14,,,Local Pack (0),https://texasrodeosaloon.com/country-music-dancing-near-me-katy-tx/,2(2),,,Local Pack (1),https://texasrodeosaloon.com/
dance halls near me 77493,84%,,2,,,"Local Pack (0), Reviews (0)",https://texasrodeosaloon.com/dance-halls-near-me-77493/,2,,,"Reviews (0), Knowledge Panel (1)",https://texasrodeosaloon.com/dance-halls-near-me-77493/,7,,,Local Pack (0),https://texasrodeosaloon.com/dance-halls-near-me-77493/,12,,,Local Pack (0),https://texasrodeosaloon.com/dance-halls-near-me-77493
"Dancehall Sugar Land, TX",84%,,2,,,"Images (0), Videos (0), Thumbnail (0), Reviews (0), Knowledge Panel (0), People Also Ask (0)",https://texasrodeosaloon.com/dancehall-sugar-land-tx/,2,,,Reviews (0),https://texasrodeosaloon.com/dancehall-sugar-land-tx/,12,,,,https://texasrodeosaloon.com/dancehall-sugar-land-tx/,7,,,,https://texasrodeosaloon.com/dancehall-sugar-land-tx
live music bar near me 77493,84%,,8,,,"Local Pack (0), Videos (0), Reviews (0)",https://texasrodeosaloon.com/,8,,,"Local Pack (0), Videos (0), Reviews (0)",https://texasrodeosaloon.com/,4,,,Local Pack (0),https://texasrodeosaloon.com/bar-with-live-music-near-me-77493/,3,,,Local Pack (0),https://texasrodeosaloon.com
"Live music near me Cinco Ranch, TX",84%,,4,,,"Featured Snippet (0), Local Pack (0), Videos (0), Reviews (0)",https://texasrodeosaloon.com/bar-with-live-music-near-me-cinco-ranch-tx/,5,,,"Local Pack (0), Videos (0), Reviews (0)",https://texasrodeosaloon.com/bar-with-live-music-near-me-cinco-ranch-tx/,8,,,Local Pack (0),https://texasrodeosaloon.com/bar-with-live-music-near-me-cinco-ranch-tx/,6,,,Local Pack (0),https://texasrodeosaloon.com/bar-with …
"cowboy bar near me Houston, TX",82%,,11,,,"Local Pack (0), Videos (0), Reviews (0), People Also Ask (0)",https://texasrodeosaloon.com/country-bar-sugar-land-tx/,4,,,"Local Pack (0), Videos (0), Reviews (0), People Also Ask (0)",https://texasrodeosaloon.com/country-western-bars-near-me-houston-tx/,6,,,Local Pack (0),https://texasrodeosaloon.com/cowboy-bar-near-me-houston-tx/,5,,,,https://texasrodeosaloon.com/cowboy-bar-near-me-houston-tx
Live music near me 77493,82%,,9,,,"Local Pack (0), Videos (0), Reviews (0)",https://texasrodeosaloon.com/live-music-bar-near-me-77493/,10,,,"Local Pack (0), Videos (0), Reviews (0)",https://texasrodeosaloon.com/live-music-bar-near-me-77493/,4,,,Local Pack (0),https://texasrodeosaloon.com/live-music-near-me-77493/,3,,,Local Pack (0),https://texasrodeosaloon.com/live-music-near-me-77493
"Dance halls near me Missouri City, TX",81%,,3,,,"Featured Snippet (0), Local Pack (0), Videos (0), Reviews (0), People Also Ask (0)",https://texasrodeosaloon.com/dance-halls-near-me-missouri-city-tx/,4,,,"Local Pack (0), Videos (0), Reviews (0), People Also Ask (0)",https://texasrodeosaloon.com/dance-bars-near-me-in-missouri-city-tx/,10,,,Local Pack (0),https://texasrodeosaloon.com/dance-bars-near-me-in-missouri-city-tx/,10,,,,https://texasrodeosaloon.com/dance-halls-near-me-missouri-city-tx
"Country and western bars near me Houston, TX",80%,,6,,,"Featured Snippet (0), Local Pack (0), Videos (0), Reviews (0), People Also Ask (0)",https://texasrodeosaloon.com/country-western-bars-near-me-houston-tx/,5,,,"Local Pack (0), Videos (0), Reviews (0)",https://texasrodeosaloon.com/country-western-bars-near-me-houston-tx/,11,,,Local Pack (0),https://texasrodeosaloon.com/country-western-bars-near-me-houston-tx/,6(2),,,Images (1),http://texasrodeosaloon.com
"Country western bars near me Houston, TX",80%,,5,,,"Featured Snippet (0), Local Pack (0), Videos (0), People Also Ask (0)",https://texasrodeosaloon.com/country-western-bars-near-me-houston-tx/,6,,,"Local Pack (0), Videos (0), Reviews (0)",https://texasrodeosaloon.com/country-western-bars-near-me-houston-tx/,9,,,Local Pack (0),https://texasrodeosaloon.com/country-western-bars-near-me-houston-tx/,8,,,,https://texasrodeosaloon.com
"Country bar close to me Cypress, TX",79%,,6,,,"Featured Snippet (0), Local Pack (0), Videos (0), Reviews (0), People Also Ask (0)",https://texasrodeosaloon.com/live-music-near-me-cypress-tx/,5,,,"Local Pack (0), Videos (0), Reviews (0)",https://texasrodeosaloon.com/country-bar-close-to-me-cypress-tx/,7,,,Local Pack (0),https://texasrodeosaloon.com/country-and-western-bars-near-me-cypress-tx/,11,,,Local Pack (0),https://texasrodeosaloon.com/country-and-western-bars-near-me-c…
"Country line dancing Richmond, TX",78%,,4(1),,,"Local Pack (0), Images (1), Videos (0)",https://texasrodeosaloon.com/country-line-dancing-richmond-tx/,2,,,"Local Pack (0), Images (1), Videos (0), Thumbnail (1), Reviews (0)",https://texasrodeosaloon.com/country-line-dancing-richmond-tx/,2,,,Local Pack (0),https://texasrodeosaloon.com/country-line-dancing-richmond-tx/,22,,,Local Pack (0),https://texasrodeosaloon.com/country-line-dance-richmond-tx
"Country line dancing Houston, TX",77%,,8,,,"Local Pack (0), Images (0), Videos (0), Thumbnail (1), Reviews (0), People Also Ask (0)",https://texasrodeosaloon.com/houston-line-dancing/,9,,,"Local Pack (0), Images (0), Videos (0), Thumbnail (0), People Also Ask (0)",https://texasrodeosaloon.com/houston-line-dancing/,8,,,"Local Pack (0), Videos (0)",https://texasrodeosaloon.com/houston-line-dancing/,7,,,"Local Pack (0), Videos (0)",https://texasrodeosaloon.com/houston-line-dancing
"Country line dancing near me Cinco Ranch, TX",75%,,1,,,"Local Pack (1), Videos (0), Reviews (0), People Also Ask (0)",https://texasrodeosaloon.com/country-line-dancing-near-me-cinco-ranch-tx/,1(1),,,"Local Pack (1), Reviews (0), People Also Ask (0)",https://texasrodeosaloon.com/,1,,,,https://texasrodeosaloon.com/country-music-line-dancing-cinco-ranch-tx/,Not in top 50,,,Local Pack (0),
"Country music line dancing Cinco Ranch, TX",75%,,1,,,"Images (1), Videos (0), Thumbnail (1), Reviews (0), Knowledge Panel (1)",https://texasrodeosaloon.com/country-music-line-dancing-cinco-ranch-tx/,1,,,"Images (1), Videos (0), Thumbnail (0), Reviews (0), Knowledge Panel (1)",https://texasrodeosaloon.com/country-music-line-dancing-cinco-ranch-tx/,1,,,,https://texasrodeosaloon.com/country-music-line-dancing-cinco-ranch-tx/,Not in top 50,,,,
"Dancehall Pittsville, TX",75%,,1,,,"Images (0), Videos (0), Reviews (0)",https://texasrodeosaloon.com/rosenberg-dancehall/,1,,,"Images (0), Thumbnail (0), Reviews (0), Knowledge Panel (0), People Also Ask (0)",https://texasrodeosaloon.com/dancehall-pittsville-tx/,1,,,,https://texasrodeosaloon.com/dancehall-pittsville-tx/,50,,,,https://texasrodeosaloon.com/live-music-near-me-pittsville-tx
"Live music near me tonight Rosenberg, TX",75%,,8,,,"Local Pack (0), Videos (0), Reviews (0)",https://texasrodeosaloon.com/country-music-dancing-near-me-rosenberg-tx/,10,,,"Local Pack (0), Videos (0), Reviews (0)",https://texasrodeosaloon.com/country-music-dancing-near-me-rosenberg-tx/,7,,,,https://texasrodeosaloon.com/live-music-near-me-tonight-rosenberg-tx/,9,,,Local Pack (0),https://texasrodeosaloon.com/live-mus…
"Country bar Brookshire, TX",74%,,1,,,"Images (1), Videos (0), Reviews (0), Knowledge Panel (0), People Also Ask (0)",https://texasrodeosaloon.com/country-bar-close-to-me-brookshire-tx/,1,,,"Images (1), Videos (0), Thumbnail (0), Reviews (0), Knowledge Panel (0)",https://texasrodeosaloon.com/country-bar-close-to-me-brookshire-tx/,2,,,Local Pack (0),https://texasrodeosaloon.com/country-bar-brookshire-beyond-the-barn-dance/,Not in top 50,,,,
"Country bar close to me Brookshire, TX",74%,,1,,,"Videos (0), Reviews (0), Knowledge Panel (0), People Also Ask (0)",https://texasrodeosaloon.com/country-bar-close-to-me-brookshire-tx/,1,,,"Videos (0), Reviews (0), Knowledge Panel (0), People Also Ask (0)",https://texasrodeosaloon.com/country-bar-close-to-me-brookshire-tx/,2,,,Local Pack (0),https://texasrodeosaloon.com/country-bar-close-to-me-brookshire-tx/,Not in top 50,,,Local Pack (0),
"Country bars near me Katy, TX",74%,,1,,,"Local Pack (0), Videos (0), Reviews (0), People Also Ask (0)",https://texasrodeosaloon.com/,1(3),,,"Local Pack (1), Videos (0), Reviews (0)",https://texasrodeosaloon.com/,28,,,,https://texasrodeosaloon.com/,5,,,,https://texasrodeosaloon.com
"Country line dancing near me Rosenberg, TX",74%,,1,,,"Featured Snippet (1), Local Pack (0), Videos (0), Reviews (0), People Also Ask (0)",https://texasrodeosaloon.com/country-music-line-dancing-rosenberg-tx/,1,,,"Videos (0), Knowledge Panel (0), People Also Ask (0), Ads Bottom (0)",https://texasrodeosaloon.com/country-music-line-dancing-rosenberg-tx/,2,,,Local Pack (0),https://texasrodeosaloon.com/country-music-line-dancing-rosenberg-tx/,Not in top 50,,,"Local Pack (0), Videos (0)",
"Country music bars near me Pittsville, TX",74%,,1,,,"Local Pack (0), Videos (0)",https://texasrodeosaloon.com/country-bars-near-me-pittsville-tx/,2,,,"Local Pack (0), Reviews (0)",https://texasrodeosaloon.com/country-bars-near-me-pittsville-tx/,1,,,Images (0),https://texasrodeosaloon.com/country-bars-near-me-pittsville-tx/,Not in top 50,,,,
"line dancing bars near me Missouri City, TX FA Done 11-7-24",74%,,Not in top 50,,,"Knowledge Panel (0), People Also Ask (0)",,1,,,"Knowledge Panel (0), People Also Ask (0)",https://texasrodeosaloon.com/line-dancing-near-me-missouri-city-tx/,1,,,,https://texasrodeosaloon.com/line-dancing-bars-near-me-missouri-city-tx/,2,,,Local Pack (0),https://texasrodeosaloon.com/line-dancing-bars...
"Country music dancing near me Fulshear, TX",73%,,2,,,"Videos (0), Reviews (0), Knowledge Panel (0), People Also Ask (0)",https://texasrodeosaloon.com/country-music-near-me-fulshear/,Not in top 50,,,"Reviews (0), Knowledge Panel (0)",,1,,,Videos (0),https://texasrodeosaloon.com/country-line-dancing-near-me-fulshear-tx/,2,,,Local Pack (0),https://texasrodeosaloon.com/country-bars-near-me-fulshear-tx
"Country music dancing near me Rosenberg, TX",73%,,2,,,"Videos (0), Knowledge Panel (0), People Also Ask (0)",https://texasrodeosaloon.com/country-music-line-dancing-rosenberg-tx/,2,,,"Videos (0), Knowledge Panel (0), People Also Ask (0)",https://texasrodeosaloon.com/country-music-line-dancing-rosenberg-tx/,2,,,,https://texasrodeosaloon.com/country-music-line-dancing-rosenberg-tx/,Not in top 50,,,Local Pack (0),
"Country music line dancing Sugar Land, TX",73%,,1,,,"Images (1), Videos (0), Thumbnail (1), Reviews (0), People Also Ask (0)",https://texasrodeosaloon.com/line-dancing-sugar-land-tx/,2(1),,,"Images (1), Videos (0), Thumbnail (0), Reviews (0), Knowledge Panel (0), People Also Ask (0)",https://texasrodeosaloon.com/country-dance-sugar-land-tx/,3,,,,https://texasrodeosaloon.com/sugar-land-country-music-line-dancing/,Not in top 50,,,Local Pack (0),
"Dance bars near me Brookshire, TX",73%,,2,,,"Videos (0), Reviews (0), Knowledge Panel (0), People Also Ask (0)",https://texasrodeosaloon.com/dance-bars-near-me-brookshire-tx/,3,,,"Videos (0), Reviews (0), Knowledge Panel (0), People Also Ask (0)",https://texasrodeosaloon.com/dance-bars-near-me-brookshire-tx/,1,,,,https://texasrodeosaloon.com/dance-bars-near-me-brookshire-tx/,Not in top 50,,,,
"Dancehall Cinco Ranch, TX",73%,,1,,,"Local Pack (1), Images (1), Videos (0), Thumbnail (0), Reviews (0), People Also Ask (0)",https://texasrodeosaloon.com/dance-hall-cinco-ranch-tx/,1,,,"Local Pack (1), Images (1), Videos (0), Reviews (0), People Also Ask (0)",https://texasrodeosaloon.com/dancehall-cinco-ranch-tx/,3,,,,https://texasrodeosaloon.com/dance-hall-cinco-ranch-tx/,Not in top 50,,,,
"line dancing bars near me Fulshear, TX FA Done 11-7-24",73%,,Not in top 50,,,"Local Pack (0), Videos (0)",,2,,,"Local Pack (0), Videos (0), People Also Ask (0)",https://texasrodeosaloon.com/country-line-dance-fulshear-tx/,1,,,,https://texasrodeosaloon.com/line-dancing-bars-near-me-fulshear-tx/,2,,,Local Pack (0),https://texasrodeosaloon.com/line-dancing-bars-near-me-fulshear-tx
"Country bars near me Fulshear, TX",72%,,2,,,"Local Pack (0), Videos (0), Reviews (0), People Also Ask (0)",https://texasrodeosaloon.com/country-bars-near-me-fulshear-tx/,3,,,"Local Pack (0), Reviews (0)",https://texasrodeosaloon.com/country-bars-near-me-fulshear-tx/,2,,,Local Pack (0),https://texasrodeosaloon.com/country-bars-near-me-fulshear-tx/,Not in top 50,,,,
"Country dance Rosenberg, TX",72%,,2,,,"Images (1), Videos (0), Thumbnail (1), Reviews (0)",https://texasrodeosaloon.com/country-music-line-dancing-rosenberg-tx/,3,,,"Local Pack (0), Images (1), Videos (0), Thumbnail (1)",https://texasrodeosaloon.com/country-dance-rosenberg-tx/,2,,,Local Pack (0),https://texasrodeosaloon.com/country-dance-rosenberg-tx/,Not in top 50,,,Local Pack (0),
"Country line dance West Houston, TX",72%,,2,,,"Local Pack (0), Images (0), Videos (0), Thumbnail (1), Reviews (0)",https://texasrodeosaloon.com/west-houston-country-dance/,3,,,"Local Pack (0), Images (1), Videos (0), Thumbnail (1), Reviews (0), People Also Ask (0)",https://texasrodeosaloon.com/line-dancing-near-me-west-houston-tx/,2,,,Videos (0),https://texasrodeosaloon.com/country-line-dancing-west-houston-tx/,Not in top 50,,,"Local Pack (0), Videos (0)",
"Country line dancing near me Fulshear, TX",72%,,2,,,"Local Pack (1), Videos (0), Reviews (0), People Also Ask (0)",https://texasrodeosaloon.com/country-line-dance-fulshear-tx/,1(3),,,"Local Pack (1), Videos (0), People Also Ask (0)",https://texasrodeosaloon.com/,4,,,,https://texasrodeosaloon.com/country-line-dancing-near-me-fulshear-tx/,Not in top 50,,,Local Pack (0),
"Country music near me Rosenberg, TX",72%,,2,,,"Local Pack (0), Videos (0), Reviews (0)",https://texasrodeosaloon.com/country-music-near-me-rosenberg/,2,,,"Local Pack (0), Videos (0), Reviews (0)",https://texasrodeosaloon.com/country-music-near-me-rosenberg/,3,,,Local Pack (0),https://texasrodeosaloon.com/best-country-music-bars-near-me-rosenberg-tx/,Not in top 50,,,Local Pack (0),
"line dancing bars near me Sugar Land, TX FA Done 11-6-24",72%,,Not in top 50,,,Videos (0),,2,,,"Videos (0), Thumbnail (0), Knowledge Panel (0)",https://texasrodeosaloon.com/line-dancing-sugar-land-tx/,2,,,,https://texasrodeosaloon.com/line-dancing-bars-near-me-sugar-land-tx/,3,,,Local Pack (0),https://texasrodeosaloon.com/line-dancing-bars-near-me-sugar-land-tx/
"Country dancing near me Brookshire, TX",71%,,1,,,"Local Pack (0), Videos (0), People Also Ask (0)",https://texasrodeosaloon.com/country-dancing-near-me-brookshire-tx/,2,,,"Local Pack (0), Videos (0), Reviews (0), People Also Ask (0)",https://texasrodeosaloon.com/country-dancing-near-me-brookshire-tx/,5,,,Videos (0),https://texasrodeosaloon.com/country-line-dancing-brookshire-tx/,Not in top 50,,,"Local Pack (0), Videos (0)",
"Country line dancing near me West Houston, TX",70%,,3,,,"Local Pack (0), Videos (0), Reviews (0)",https://texasrodeosaloon.com/line-dancing-near-me-west-houston-tx/,4,,,"Local Pack (0), Videos (0), Videos (0), Reviews (0)",https://texasrodeosaloon.com/line-dancing-near-me-west-houston-tx/,2,,,Videos (0),https://texasrodeosaloon.com/country-line-dancing-west-houston-tx/,Not in top 50,,,"Local Pack (0), Videos (0)",
"spanish clubs near me Katy, TX",70%,,3,,,"Local Pack (0), Videos (0), Reviews (0)",https://texasrodeosaloon.com/,3,,,"Local Pack (0), Videos (0), Reviews (0)",https://texasrodeosaloon.com/,3,,,,https://texasrodeosaloon.com/spanish-clubs-near-me-sugar-land-tx/,Not in top 50,,,Local Pack (0),
"Country music dancing near me Richmond, TX",69%,,4,,,"Local Pack (0), Videos (0), Reviews (0), People Also Ask (0)",https://texasrodeosaloon.com/,3,,,"Local Pack (0), Videos (0), Reviews (0), People Also Ask (0)",https://texasrodeosaloon.com/,3,,,,https://texasrodeosaloon.com/country-line-dancing-richmond-tx/,Not in top 50,,,Local Pack (0),
"Line dancing near me Missouri City, TX",69%,,1,,,"Local Pack (0), Videos (0), Reviews (0)",https://texasrodeosaloon.com/country-line-dancing-missouri-city-tx/,3,,,"Local Pack (0), Videos (0)",https://texasrodeosaloon.com/country-line-dancing-missouri-city-tx/,6,,,,https://texasrodeosaloon.com/line-dancing-missouri-city-tx/,Not in top 50,,,Local Pack (0),
"Bar with live music near me Cinco Ranch, TX",68%,,3,,,"Local Pack (0), Videos (0), Reviews (0)",https://texasrodeosaloon.com/live-music-near-me-tonight-cinco-ranch-tx/,3,,,"Local Pack (0), Reviews (0)",https://texasrodeosaloon.com/bar-with-live-music-near-me-cinco-ranch-tx/,5,,,Local Pack (0),https://texasrodeosaloon.com/bar-with-live-music-near-me-cinco-ranch-tx/,Not in top 50,,,,
"Bar with live music near me Rosenberg, TX",68%,,3,,,"Local Pack (0), Videos (0), Reviews (0)",https://texasrodeosaloon.com/bar-with-live-music-near-me-rosenberg/,3,,,"Local Pack (0), Videos (0), Reviews (0)",https://texasrodeosaloon.com/bar-with-live-music-near-me-rosenberg/,6,,,Local Pack (0),https://texasrodeosaloon.com/bar-with-live-music-near-me-rosenberg/,Not in top 50,,,,
"Country bar Missouri City, TX",68%,,2,,,"Local Pack (1), Images (1), Videos (0), Thumbnail (0), Reviews (0), People Also Ask (0)",https://texasrodeosaloon.com/country-and-western-bars-near-me-missouri-city-tx/,3,,,"Local Pack (0), Images (1), Thumbnail (0), Reviews (0), People Also Ask (0)",https://texasrodeosaloon.com/country-bar-missouri-city-tx/,6,,,Local Pack (0),https://texasrodeosaloon.com/country-bar-missouri-city-tx/,Not in top 50,,,Local Pack (0),
"Dancehall Fulshear, TX",68%,,6(2),,,"Local Pack (1), Images (0), Videos (0), Thumbnail (0), Reviews (0), People Also Ask (0)",https://texasrodeosaloon.com/,2(2),,,"Local Pack (1), Images (0), Videos (0), Thumbnail (0), Reviews (0)",https://texasrodeosaloon.com/,3,,,,https://texasrodeosaloon.com/texas-two-stepping-fulshear-tx/,Not in top 50,,,Images (0),
"Dance halls near me Cypress, TX",68%,,3,,,"Local Pack (0), Videos (0), Reviews (0), People Also Ask (0)",https://texasrodeosaloon.com/dance-bars-near-me-cypress-tx/,4,,,"Local Pack (0), Videos (0), Reviews (0), People Also Ask (0)",https://texasrodeosaloon.com/dance-bars-near-me-cypress-tx/,30,,,Local Pack (0),https://texasrodeosaloon.com/dance-halls-near-me-cypress/,6,,,Local Pack (0),https://texasrodeosaloon.com/cypress-dancehall
"line dancing bars near me Houston, TX FA Done 11-7-24",68%,,Not in top 50,,,"Local Pack (0), Videos (0)",,4,,,"Local Pack (0), People Also Ask (0)",https://texasrodeosaloon.com/houston-line-dancing/,4,,,,https://texasrodeosaloon.com/houston-line-dancing/,4,,,Local Pack (0),https://texasrodeosaloon.com/line-dancing-bars-near-me-houston-tx/
"line dancing bars near me Katy, TX FA Done 11-6-24",68%,,Not in top 50,,,"Videos (0), Knowledge Panel (0)",,2,,,"Videos (0), Reviews (0), Knowledge Panel (1), People Also Ask (0)",https://texasrodeosaloon.com/country-line-dance-katy-tx/,5,,,Videos (0),https://texasrodeosaloon.com/country-line-dance-katy-tx/,5,,,Local Pack (0),https://texasrodeosaloon.com/country-line-dance-katy-tx
"Live music near me tonight Cinco Ranch, TX",68%,,3,,,"Local Pack (0), Reviews (0)",https://texasrodeosaloon.com/live-music-near-me-tonight-cinco-ranch-tx/,4,,,"Local Pack (0), Reviews (0)",https://texasrodeosaloon.com/live-music-near-me-tonight-cinco-ranch-tx/,4,,,,https://texasrodeosaloon.com/bar-with-live-music-near-me-cinco-ranch-tx/,Not in top 50,,,Local Pack (0),
"Country and western bars near me Cypress, TX",67%,,3,,,"Featured Snippet (0), Local Pack (0), Reviews (0), People Also Ask (0)",https://texasrodeosaloon.com/country-and-western-bars-near-me-cypress-tx/,4,,,"Local Pack (0), Videos (0), Thumbnail (0), Reviews (0), People Also Ask (0)",https://texasrodeosaloon.com/country-and-western-bars-near-me-cypress-tx/,6,,,,https://texasrodeosaloon.com/country-and-western-bars-near-me-cypress-tx/,Not in top 50,,,Local Pack (0),
"Dance bars near me Missouri City, TX",67%,,4,,,"Featured Snippet (0), Local Pack (0), Videos (0), Reviews (0)",https://texasrodeosaloon.com/dance-bars-near-me-in-missouri-city-tx/,4,,,"Local Pack (0), Videos (0), Reviews (0)",https://texasrodeosaloon.com/country-dancing-near-me-missouri-city-tx/,5,,,Local Pack (0),https://texasrodeosaloon.com/dance-bars-near-me-in-missouri-city-tx/,Not in top 50,,,Local Pack (0),
"spanish clubs near me Fulshear, TX",67%,,5,,,"Local Pack (0), Reviews (0)",https://texasrodeosaloon.com/bar-with-live-music-near-me-fulshear-tx/,5,,,"Local Pack (0), Reviews (0)",https://texasrodeosaloon.com/bar-with-live-music-near-me-fulshear-tx/,3,,,,https://texasrodeosaloon.com/latin-night-club-fulshear-tx/,Not in top 50,,,Local Pack (0),
"Dance halls near me Brookshire, TX",66%,,3,,,"Featured Snippet (0), Local Pack (0), Videos (0), Reviews (0)",https://texasrodeosaloon.com/dance-halls-near-me-brookshire-tx/,3,,,"Local Pack (0), Reviews (0)",https://texasrodeosaloon.com/dance-bars-near-me-brookshire-tx/,8,,,Local Pack (0),https://texasrodeosaloon.com/dance-halls-near-me-brookshire-tx/,Not in top 50,,,Local Pack (0),
"Dance halls near me Sugar Land, TX",66%,,3,,,"Local Pack (0), Videos (0), Reviews (0), People Also Ask (0)",https://texasrodeosaloon.com/dance-halls-near-me-sugar-land-tx/,3,,,"Local Pack (0), Videos (0), Reviews (0), People Also Ask (0)",https://texasrodeosaloon.com/dance-halls-near-me-sugar-land-tx/,8,,,Local Pack (0),https://texasrodeosaloon.com/dance-halls-near-me-sugar-land-tx/,Not in top 50,,,Local Pack (0),
"Line dancing Houston, TX",66%,,10,,,"Local Pack (0), Images (0), Videos (0), Thumbnail (1), Reviews (0), People Also Ask (0)",https://texasrodeosaloon.com/houston-line-dancing/,9,,,"Local Pack (0), Images (0), Videos (0), Thumbnail (1), Reviews (0), People Also Ask (0)",https://texasrodeosaloon.com/houston-line-dancing/,16,,,"Local Pack (0), Videos (0)",https://texasrodeosaloon.com/houston-line-dancing/,10,,,"Local Pack (0), Videos (0)",https://texasrodeosaloon.com/houston-line-dancing
Live music 77449,66%,,9,,,"Local Pack (0), Videos (0), Reviews (0), People Also Ask (0)",https://texasrodeosaloon.com/live-music-katy-tx/,9,,,"Local Pack (0), Videos (0), Reviews (0)",https://texasrodeosaloon.com/live-music-katy-tx/,7,,,Local Pack (0),https://texasrodeosaloon.com/live-music-77449/,20,,,,https://texasrodeosaloon.com/live-music-77449
texas two stepping 77449,66%,,3(3),,,"Images (1), Videos (0), People Also Ask (0)",https://texasrodeosaloon.com/live-music-bar-near-me-77449/,1,,,"Images (0), Videos (0), Thumbnail (0), Knowledge Panel (1), People Also Ask (0)",https://texasrodeosaloon.com/texas-two-stepping-77449/,10,,,Videos (0),https://texasrodeosaloon.com/texas-two-stepping-77449/,Not in top 50,,,Videos (0),
"Country dancing near me Houston, TX",65%,,9,,,"Featured Snippet (0), Local Pack (0), Videos (0), Reviews (0), People Also Ask (0)",https://texasrodeosaloon.com/country-dancing-near-me-west-houston-tx/,8,,,"Local Pack (0), Videos (0), Videos (0), Reviews (0), People Also Ask (0)",https://texasrodeosaloon.com/line-dancing-near-me-west-houston-tx/,16,,,"Local Pack (0), Videos (0)",https://texasrodeosaloon.com/country-western-bars-near-me-houston-tx/,13,,,Local Pack (0),https://texasrodeosaloon.com/country-western-bars-near-me-houst…
"Dance bars near me Cypress, TX",65%,,3,,,"Featured Snippet (0), Local Pack (0), Reviews (0)",https://texasrodeosaloon.com/dance-bars-near-me-cypress-tx/,5,,,"Local Pack (0), Reviews (0)",https://texasrodeosaloon.com/dance-bars-near-me-cypress-tx/,7,,,Local Pack (0),https://texasrodeosaloon.com/dance-bars-near-me-cypress-tx/,Not in top 50,,,Local Pack (0),
"Line dancing near me Houston, TX",65%,,10,,,"Local Pack (0), Videos (0), Reviews (0), People Also Ask (0)",https://texasrodeosaloon.com/line-dancing-near-me-west-houston-tx/,11,,,"Local Pack (0), Videos (0), Reviews (0), People Also Ask (0)",https://texasrodeosaloon.com/line-dancing-near-me-west-houston-tx/,16,,,"Local Pack (0), Videos (0)",https://texasrodeosaloon.com/line-dancing-near-me-west-houston-tx/,9,,,"Local Pack (0), Videos (0)",https://texasrodeosaloon.com/houston-line-dancing
"Live music Richmond, TX",64%,,14,,,"Featured Snippet (0), Local Pack (0), Videos (0), Reviews (0)",https://texasrodeosaloon.com/richmond-live-music/,15,,,"Local Pack (0), Videos (0), Reviews (0)",https://texasrodeosaloon.com/richmond-live-music/,7,,,Local Pack (0),https://texasrodeosaloon.com/richmond-live-music/,11,,,Local Pack (0),https://texasrodeosaloon.com/richmond-live-music
"Country and western bars near me Richmond, TX",63%,,3,,,"Featured Snippet (0), Local Pack (0), Reviews (0), People Also Ask (0)",https://texasrodeosaloon.com/country-and-western-bars-near-me-richmond-tx/,4,,,"Local Pack (0), Reviews (0), People Also Ask (0)",https://texasrodeosaloon.com/,30,,,,https://texasrodeosaloon.com/country-western-bars-near-me-houston-tx/,11,,,Local Pack (0),https://texasrodeosaloon.com/country-and-western...
"Country dancing near me West Houston, TX",62%,,4,,,"Featured Snippet (0), Local Pack (0), Videos (0), Reviews (0), People Also Ask (0)",https://texasrodeosaloon.com/west-houston-country-dance/,5,,,"Local Pack (0), Videos (0), Videos (0), Reviews (0)",https://texasrodeosaloon.com/west-houston-country-line-dancing/,10,,,Videos (0),https://texasrodeosaloon.com/country-dancing-near-me-west-houston-tx/,Not in top 50,,,Local Pack (0),
"Live music bar near me Missouri City, TX",62%,,4,,,"Local Pack (0), Videos (0), Reviews (0)",https://texasrodeosaloon.com/live-music-bar-near-me-missouri-city-tx/,7,,,"Local Pack (0), Videos (0), Reviews (0)",https://texasrodeosaloon.com/live-music-bar-near-me-missouri-city-tx/,8,,,Local Pack (0),https://texasrodeosaloon.com/live-music-bar-near-me-missouri-city-tx/,Not in top 50,,,,
"Dance bars near me Richmond, TX",61%,,4,,,"Local Pack (0), Videos (0), Reviews (0)",https://texasrodeosaloon.com/,6,,,"Local Pack (0), Videos (0), Reviews (0)",https://texasrodeosaloon.com/,Not in top 50,,,,,10,,,Local Pack (0),https://texasrodeosaloon.com/country-line-dancing-richmond-tx
"Live music bar near me Cypress, TX",60%,,7,,,"Featured Snippet (0), Local Pack (0), Videos (0), Reviews (0)",https://texasrodeosaloon.com/live-music-bar-near-me-cypress-tx/,7,,,"Local Pack (0), Videos (0), Reviews (0)",https://texasrodeosaloon.com/live-music-bar-near-me-cypress-tx/,Not in top 50,,,Local Pack (0),,7,,,,https://texasrodeosaloon.com/live-music-near-me-cypress-tx
"spanish clubs near me Sugar Land, TX",59%,,6,,,"Local Pack (0), Videos (0), Reviews (0)",https://texasrodeosaloon.com/dance-halls-near-me-sugar-land-tx/,8,,,"Local Pack (0), Videos (0), Reviews (0)",https://texasrodeosaloon.com/dance-halls-near-me-sugar-land-tx/,8,,,Local Pack (0),https://texasrodeosaloon.com/spanish-clubs-near-me-sugar-land-tx/,Not in top 50,,,Local Pack (0),
"Live music West Houston, TX",58%,,7,,,"Local Pack (0), Videos (0), Reviews (0)",https://texasrodeosaloon.com/live-music-west-houston-tx/,10,,,"Local Pack (0), Videos (0), Reviews (0)",https://texasrodeosaloon.com/live-music-west-houston-tx/,6,,,,https://texasrodeosaloon.com/live-music-west-houston-tx/,Not in top 50,,,Local Pack (0),
"Line dancing Cypress, TX",55%,,11,,,"Local Pack (0), Images (1), Videos (0), Thumbnail (0), Reviews (0)",https://texasrodeosaloon.com/line-dancing-near-me-west-houston-tx/,11,,,"Local Pack (0), Images (1), Videos (0), Videos (0), Thumbnail (1), Reviews (0), People Also Ask (0)",https://texasrodeosaloon.com/dance-bars-near-me-cypress-tx/,5,,,,https://texasrodeosaloon.com/country-music-line-dancing-cypress-tx/,Not in top 50,,,Local Pack (0),
"Country music near me Richmond, TX",54%,,3,,,"Local Pack (0), Videos (0), Reviews (0)",https://texasrodeosaloon.com/country-music-near-me-richmond-tx/,4,,,"Local Pack (0), Videos (0), Reviews (0)",https://texasrodeosaloon.com/,21,,,Local Pack (0),https://texasrodeosaloon.com/category/articles/page/3/,Not in top 50,,,Local Pack (0),
"Line dancing Missouri City, TX",52%,,2,,,"Images (1), Videos (0), Thumbnail (0), Reviews (0), People Also Ask (0)",https://texasrodeosaloon.com/country-line-dancing-missouri-city-tx/,2,,,"Local Pack (0), Images (1), Videos (0), Videos (0), Thumbnail (0), Reviews (0), People Also Ask (0)",https://texasrodeosaloon.com/country-line-dancing-missouri-city-tx/,Not in top 50,,,,,27,,,Local Pack (0),https://texasrodeosaloon.com/line-dancing-near-me-missouri-city-tx
"Dance bars near me Houston, TX",50%,,8,,,"Local Pack (0), Videos (0), Reviews (0), People Also Ask (0)",https://texasrodeosaloon.com/dance-bars-near-me-houston-tx/,8,,,"Local Pack (0), Videos (0), Reviews (0), People Also Ask (0)",https://texasrodeosaloon.com/dance-bars-near-me-houston-tx/,33,,,Local Pack (0),https://texasrodeosaloon.com/country-western-bars-near-me-houston-tx/,17,,,Local Pack (0),https://texasrodeosaloon.com/country-western-bars-near-me-houst…
"Live music bar near me Houston, TX",49%,,12,,,"Local Pack (0), Videos (0), Reviews (0), People Also Ask (0)",https://texasrodeosaloon.com/live-music-bar-near-me-houston-tx/,17,,,"Local Pack (0), Videos (0), Reviews (0), People Also Ask (0)",https://texasrodeosaloon.com/live-music-bar-near-me-houston-tx/,11,,,"Local Pack (0), Videos (0)",https://texasrodeosaloon.com/country-western-bars-near-me-houston-tx/,25,,,Local Pack (0),https://texasrodeosaloon.com/country-western-bars-near-me-houst…
"Texas two stepping Katy, TX",49%,,11,,,"Images (1), Videos (0), Thumbnail (1), Knowledge Panel (1), People Also Ask (0)",https://texasrodeosaloon.com/missouri-city-texas-two-stepping/,2(4),,,"Images (1), Videos (0), Thumbnail (0), Knowledge Panel (1), People Also Ask (0)",https://texasrodeosaloon.com/richmond-texas-two-stepping/,21,,,Videos (0),https://texasrodeosaloon.com/texas-two-stepping-west-houston-tx/,Not in top 50,,,Videos (0),
"Country dance West Houston, TX",48%,,2,,,"Local Pack (0), Images (0), Videos (0), Thumbnail (1), Reviews (0)",https://texasrodeosaloon.com/west-houston-country-dance/,3,,,"Local Pack (0), Images (0), Videos (0), Thumbnail (0), Reviews (0)",https://texasrodeosaloon.com/west-houston-country-dance/,35,,,Videos (0),https://texasrodeosaloon.com/country-dance-west-houston-tx/,Not in top 50,,,"Local Pack (0), Videos (0)",
"Country music near me West Houston, TX",48%,,Not in top 50,,,"Featured Snippet (0), Local Pack (0), Videos (0)",,3,,,"Local Pack (0), Reviews (0), People Also Ask (0)",https://texasrodeosaloon.com/live-music-near-me-tonight-west-houston-tx/,2,,,,https://texasrodeosaloon.com/country-music-bars-near-me-west-houston-tx/,33,,,Local Pack (0),https://texasrodeosaloon.com/country-western-bars-near-me-houst…
"Dance halls near me Houston, TX",48%,,6,,,"Local Pack (0), Videos (0), Reviews (0), People Also Ask (0)",https://texasrodeosaloon.com/dance-halls-near-me-houston-tx/,6,,,"Local Pack (0), Videos (0), Reviews (0)",https://texasrodeosaloon.com/dance-halls-near-me-houston-tx/,23,,,"Local Pack (0), Videos (0)",https://texasrodeosaloon.com/country-western-bars-near-me-houston-tx/,Not in top 50,,,Local Pack (0),
"Line dancing near me West Houston, TX",48%,,2,,,"Local Pack (0), Videos (0), Reviews (0)",https://texasrodeosaloon.com/line-dancing-near-me-west-houston-tx/,3,,,"Local Pack (0), Videos (0)",https://texasrodeosaloon.com/line-dancing-near-me-west-houston-tx/,Not in top 50,,,Videos (0),,Not in top 50,,,Local Pack (0),
"Country music dancing near me West Houston, TX",47%,,3,,,"Videos (0), Reviews (0), Knowledge Panel (0)",https://texasrodeosaloon.com/line-dancing-near-me-west-houston-tx/,3,,,"Videos (0), Reviews (0), Knowledge Panel (0)",https://texasrodeosaloon.com/country-western-bars-near-me-houston-tx/,39,,,Videos (0),https://texasrodeosaloon.com/country-western-bars-near-me-houston-tx/,Not in top 50,,,"Local Pack (0), Videos (0)",
"Texas two stepping West Houston, TX",46%,,,,,,,,,,,,3,,,,https://texasrodeosaloon.com/west-houston-texas-two-stepping/,4,,,Videos (0),https://texasrodeosaloon.com/west-houston-texas-two-stepping
"Country music bars near me Richmond, TX",45%,,4,,,"Featured Snippet (0), Local Pack (0), Videos (0), Reviews (0)",https://texasrodeosaloon.com/country-and-western-bars-near-me-richmond-tx/,4,,,"Local Pack (0), Reviews (0)",https://texasrodeosaloon.com/country-music-bars-near-me-richmond-tx/,Not in top 50,,,,,Not in top 50,,,Local Pack (0),
"bars and live music near me Missouri City, TX",42%,21%,6,,,"Local Pack (0), Videos (0), Reviews (0)",https://texasrodeosaloon.com/live-music-bar-near-me-missouri-city-tx/,6,,,"Local Pack (0), Videos (0), Reviews (0)",https://texasrodeosaloon.com/live-music-bar-near-me-missouri-city-tx/,Not in top 50,6,Dropped,Local Pack (0),,Not in top 50,,,Local Pack (0),
"Country bar Houston, TX",42%,,5,,,"Local Pack (0), Images (0), Videos (0), Thumbnail (1), Reviews (0), People Also Ask (0)",https://texasrodeosaloon.com/,10,,,"Local Pack (0), Images (0), Videos (0), Thumbnail (1), Reviews (0), People Also Ask (0)",https://texasrodeosaloon.com/houston-country-bar/,28,,,Local Pack (0),https://texasrodeosaloon.com/houston-country-bar/,Not in top 50,,,Local Pack (0),
"Live music Missouri City, TX",41%,,10,,,"Local Pack (0), Videos (0), Reviews (0)",https://texasrodeosaloon.com/live-music-missouri-city-tx/,10,,,"Local Pack (0), Videos (0), Reviews (0)",https://texasrodeosaloon.com/live-music-missouri-city-tx/,24,,,Local Pack (0),https://texasrodeosaloon.com/live-music-missouri-city-tx/,Not in top 50,,,Local Pack (0),
"Country bar Cypress, TX",40%,,7,,,"Local Pack (0), Videos (0), Reviews (0), People Also Ask (0)",https://texasrodeosaloon.com/cypress-country-bar/,7,,,"Local Pack (0), Videos (0), Reviews (0), People Also Ask (0)",https://texasrodeosaloon.com/cypress-country-bar/,Not in top 50,,,Local Pack (0),,Not in top 50,,,Local Pack (0),
"bars and live music near me Sugar Land, TX",38%,38%,8,,,"Local Pack (0), Videos (0), Reviews (0), People Also Ask (0)",https://texasrodeosaloon.com/live-music-near-me-tonight-sugar-land-tx/,8,,,"Local Pack (0), Videos (0), Reviews (0), People Also Ask (0)",https://texasrodeosaloon.com/live-music-near-me-tonight-sugar-land-tx/,Not in top 50,Not in top 50,Stays out,Local Pack (0),,Not in top 50,,,,
"Bar with live music near me Sugar Land, TX",38%,,8,,,"Local Pack (0), Videos (0), Reviews (0)",https://texasrodeosaloon.com/live-music-near-me-tonight-sugar-land-tx/,8,,,"Local Pack (0), Videos (0), Reviews (0)",https://texasrodeosaloon.com/live-music-near-me-tonight-sugar-land-tx/,Not in top 50,,,Local Pack (0),,Not in top 50,,,,
"Live music near me tonight Sugar Land, TX",38%,,8,,,"Local Pack (0), Videos (0), Reviews (0)",https://texasrodeosaloon.com/live-music-near-me-tonight-sugar-land-tx/,9,,,"Local Pack (0), Reviews (0)",https://texasrodeosaloon.com/live-music-near-me-tonight-sugar-land-tx/,43,,,,https://texasrodeosaloon.com/live-music-near-me-tonight-sugar-land-tx/,46,,,Local Pack (0),https://texasrodeosaloon.com/live-music-near-me-tonight-sugar-lan…
"Live music near me Cypress, TX",37%,,8,,,"Local Pack (0), Reviews (0)",https://texasrodeosaloon.com/live-music-bar-near-me-cypress-tx/,10,,,"Local Pack (0), Videos (0), Reviews (0), People Also Ask (0)",https://texasrodeosaloon.com/live-music-bar-near-me-cypress-tx/,Not in top 50,,,Local Pack (0),,Not in top 50,,,Local Pack (0),
"spanish clubs near me Missouri City, TX",37%,,Not in top 50,,,"Local Pack (0), Videos (0), Reviews (0)",,17,,,"Local Pack (0), Videos (0), Reviews (0), Ads Bottom (0)",https://texasrodeosaloon.com/live-music-bar-near-me-missouri-city-tx/,1,,,,https://texasrodeosaloon.com/spanish-clubs-near-me-missouri-city-tx/,Not in top 50,,,Local Pack (0),
"Live music near me Sugar Land, TX",36%,,9,,,"Local Pack (0), Videos (0), Reviews (0)",https://texasrodeosaloon.com/live-music-near-me-tonight-sugar-land-tx/,10,,,"Local Pack (0), Videos (0), Reviews (0)",https://texasrodeosaloon.com/live-music-near-me-tonight-sugar-land-tx/,Not in top 50,,,Local Pack (0),,Not in top 50,,,Local Pack (0),
"Live music near me tonight West Houston, TX",36%,,9,,,"Local Pack (0), Reviews (0)",https://texasrodeosaloon.com/live-music-west-houston-tx/,10,,,"Local Pack (0), Reviews (0)",https://texasrodeosaloon.com/live-music-west-houston-tx/,Not in top 50,,,Videos (0),,Not in top 50,,,"Local Pack (0), Videos (0)",
"Live music near me tonight Katy, TX",29%,,14,,,"Local Pack (0), Videos (0), Reviews (0)",https://texasrodeosaloon.com/live-music-near-me-tonight-katy-tx/,13,,,"Local Pack (0), Videos (0), Reviews (0)",https://texasrodeosaloon.com/live-music-near-me-tonight-katy-tx/,Not in top 50,,,,,Not in top 50,,,Local Pack (0),
"bars and live music near me Houston, TX",25%,22%,18,,,"Local Pack (0), Videos (0), Reviews (0), People Also Ask (0)",https://texasrodeosaloon.com/live-music-west-houston-tx/,14,,,"Local Pack (0), Videos (0), Reviews (0), People Also Ask (0)",https://texasrodeosaloon.com/live-music-bar-near-me-houston-tx/,Not in top 50,27,Dropped,"Local Pack (0), Videos (0)",,Not in top 50,,,Videos (0),
"Live music Katy, TX",23%,,17,,,"Local Pack (0), Videos (0), Reviews (0)",https://texasrodeosaloon.com/live-music-katy-tx/,18,,,"Local Pack (0), Videos (0), Reviews (0)",https://texasrodeosaloon.com/live-music-katy-tx/,Not in top 50,,,Local Pack (0),,Not in top 50,,,Local Pack (0),
"bars and live music near me Katy, TX",19%,7%,22,,,"Local Pack (0), Videos (0), Reviews (0)",https://texasrodeosaloon.com/live-music-katy-tx/,23,,,"Local Pack (0), Videos (0), Thumbnail (0), Reviews (0)",https://texasrodeosaloon.com/live-music-katy-tx/,25,16,-9,Local Pack (0),https://texasrodeosaloon.com/bars-and-live-music-near-me-katy-tx/,Not in top 50,,,,
"spanish clubs near me Houston, TX",2%,,Not in top 50,,,"Local Pack (0), Videos (0), Reviews (0)",,Not in top 50,,,"Local Pack (0), Videos (0), Reviews (0), People Also Ask (0)",,29,,,Local Pack (0),https://texasrodeosaloon.com/spanish-clubs-near-me-fulshear-tx/,Not in top 50,,,Local Pack (0),
"Live music Houston, TX",0%,,Not in top 50,,,"Local Pack (0), Videos (0), Reviews (0), People Also Ask (0)",,Not in top 50,,,"Local Pack (0), Videos (0), Reviews (0)",,Not in top 50,,,"Local Pack (0), Videos (0)",,Not in top 50,,,"Local Pack (0), Videos (0)",
"Live music near me Houston, TX",0%,,Not in top 50,,,"Local Pack (0), Videos (0), People Also Ask (0)",,Not in top 50,,,"Local Pack (0), Videos (0), Reviews (0), People Also Ask (0)",,Not in top 50,,,"Local Pack (0), Videos (0)",,Not in top 50,,,Local Pack (0),
